<?xml version="1.0" encoding="UTF-8"?>
<configuration>
	<contextName>avchat30</contextName>
	<jmxConfigurator contextName="avchat30" />
	<appender name="AVCH" class="ch.qos.logback.core.rolling.RollingFileAppender">
		<Append>true</Append>
		<Encoding>UTF-8</Encoding>
		<BufferedIO>false</BufferedIO>
		<ImmediateFlush>true</ImmediateFlush>
		<rollingPolicy class="ch.qos.logback.core.rolling.TimeBasedRollingPolicy">
     		<fileNamePattern>log/avchat30.%d{yyyy-MM-dd}.log</fileNamePattern>
   		</rollingPolicy>
		<layout class="ch.qos.logback.classic.PatternLayout">
			<Pattern>
				%date [%thread] %-5level %logger{35} - %msg%n
			</Pattern>
		</layout>
	</appender>
	<root>
		<level value="DEBUG" />
		<appender-ref ref="AVCH" />
	</root>
	<logger name="avchat3.Application">
		<level value="DEBUG" />
	</logger>		
</configuration>